﻿<?xml version="1.0" encoding="utf-8" ?>
<Employee>
  <employee>
    <Name>Anjana</Name>
    <DOB>01/01/1990</DOB>
    <Contact>9962662353</Contact>
    <EmployeeId>316826</EmployeeId>
    <Location>London</Location>
    <Designation>PA</Designation>
  </employee>
  <employee>
    <Name>Anjana</Name>
    <DOB>01/01/90</DOB>
    <Contact>07404945361</Contact>
    <EmployeeId>316826</EmployeeId>
    <Location>London</Location>
    <Designation>PAT</Designation>
  </employee>
</Employee>